[
  { "kanji": "日", "views": 1250 },
  { "kanji": "一", "views": 1180 },
  { "kanji": "人", "views": 1150 },
  { "kanji": "山", "views": 1100 },
  { "kanji": "川", "views": 1050 },
  { "kanji": "水", "views": 1020 },
  { "kanji": "火", "views": 980 },
  { "kanji": "木", "views": 960 },
  { "kanji": "金", "views": 940 },
  { "kanji": "土", "views": 920 },
  { "kanji": "月", "views": 900 },
  { "kanji": "田", "views": 880 },
  { "kanji": "大", "views": 860 },
  { "kanji": "小", "views": 840 },
  { "kanji": "中", "views": 820 },
  { "kanji": "上", "views": 800 },
  { "kanji": "下", "views": 780 },
  { "kanji": "左", "views": 760 },
  { "kanji": "右", "views": 740 },
  { "kanji": "手", "views": 720 },
  { "kanji": "足", "views": 700 },
  { "kanji": "目", "views": 680 },
  { "kanji": "耳", "views": 660 },
  { "kanji": "口", "views": 640 },
  { "kanji": "花", "views": 620 },
  { "kanji": "草", "views": 600 },
  { "kanji": "虫", "views": 580 },
  { "kanji": "犬", "views": 560 },
  { "kanji": "空", "views": 540 },
  { "kanji": "雨", "views": 520 },
  { "kanji": "竹", "views": 500 },
  { "kanji": "石", "views": 480 },
  { "kanji": "糸", "views": 460 },
  { "kanji": "車", "views": 440 },
  { "kanji": "力", "views": 420 },
  { "kanji": "男", "views": 400 },
  { "kanji": "女", "views": 380 },
  { "kanji": "子", "views": 360 },
  { "kanji": "学", "views": 340 },
  { "kanji": "校", "views": 320 },
  { "kanji": "先", "views": 300 },
  { "kanji": "生", "views": 280 },
  { "kanji": "年", "views": 260 },
  { "kanji": "早", "views": 240 },
  { "kanji": "王", "views": 220 },
  { "kanji": "玉", "views": 200 },
  { "kanji": "正", "views": 180 },
  { "kanji": "出", "views": 160 },
  { "kanji": "入", "views": 140 },
  { "kanji": "立", "views": 120 }
]









